1600.0,191.5,27.12,66.321,55.173,222.0,6.5,1.6
1600.0,191.55,28.22,60.839,78.765,221.9,6.5,1.7
1600.0,191.6,26.18,55.3,73.393,221.8,6.5,1.8
1600.0,191.65,27.26,80.101,68.075,221.7,6.4,1.9
1600.0,191.7,28.28,74.716,62.657,221.6,6.4,2.0
1600.0,191.75,26.24,69.328,57.223,221.4,6.4,2.1
1600.0,191.8,27.34,63.87,80.684,221.3,6.3,2.2
1600.0,191.85,28.35,58.382,75.406,221.2,6.3,2.3
1600.0,191.9,26.38,83.031,70.08,221.1,6.3,2.4
1600.0,191.95,27.43,77.694,64.698,221.0,6.2,2.5
1600.0,192.0,28.38,72.328,59.287,220.9,6.2,2.5
1600.0,192.05,26.46,66.912,82.664,220.9,6.2,2.6
1600.0,192.1,27.42,61.476,77.391,220.9,6.2,2.7
1600.0,192.15,28.5,55.985,72.059,220.9,6.1,2.8
1600.0,192.2,26.47,80.653,66.747,220.9,6.1,2.9
1600.0,192.25,27.5,75.32,61.315,220.9,6.1,3.0
1600.0,192.3,28.5,69.89,55.925,220.9,6.1,3.1
1600.0,192.35,26.58,64.502,79.31,220.9,6.1,3.1
1600.0,192.4,27.53,59.007,74.061,220.9,6.1,3.2
1600.0,192.45,28.71,83.546,68.722,220.9,6.0,3.3
1600.0,192.5,26.64,78.261,63.383,220.9,6.0,3.4
1600.0,192.55,27.64,72.924,57.989,220.4,6.0,3.4
1600.0,192.6,28.75,67.508,81.249,219.8,5.9,3.4
1600.0,192.65,26.68,62.069,75.997,219.3,5.9,3.4
1600.0,192.7,27.68,56.641,70.73,218.8,5.9,3.3
1600.0,192.75,28.82,81.13,65.368,218.2,5.8,3.3
1600.0,192.8,26.7,75.865,59.983,217.7,5.8,3.3
1600.0,192.85,27.78,70.472,54.57,217.2,5.7,3.3
1600.0,192.9,28.9,65.07,77.968,216.7,5.7,3.3
1600.0,192.95,26.77,59.631,72.695,216.1,5.7,3.3
1600.0,193.0,27.82,54.159,67.374,215.6,5.6,3.2
1600.0,193.05,28.93,78.794,62.03,215.4,5.8,3.2
1600.0,193.1,26.89,73.437,56.589,215.1,6.0,3.1
1600.0,193.15,27.96,68.069,79.874,214.9,6.2,3.1
1600.0,193.2,28.99,62.681,74.623,214.7,6.4,3.0
1600.0,193.25,26.84,57.211,69.37,214.4,6.6,3.0
1600.0,193.3,28.06,81.678,63.999,214.2,6.8,2.9
1600.0,193.35,29.04,76.407,58.648,214.0,7.0,2.9
1600.0,193.4,27.14,71.045,81.803,213.8,7.1,2.8
1600.0,193.45,28.1,65.649,76.594,213.5,7.3,2.8
1600.0,193.5,29.17,60.257,71.279,213.3,7.5,2.7
1600.0,193.55,27.03,54.776,66.028,213.4,7.6,2.7
1600.0,193.6,28.19,79.244,60.654,213.6,7.7,2.8
1600.0,193.65,29.18,73.963,55.25,213.7,7.8,2.8
1600.0,193.7,27.23,68.613,78.512,213.9,7.9,2.8
1600.0,193.75,28.23,63.235,73.259,214.0,7.9,2.9
1600.0,193.8,29.24,57.812,68.015,214.1,8.0,2.9
1600.0,193.85,27.25,82.148,62.631,214.3,8.1,3.0
1600.0,193.9,28.31,76.896,57.251,214.4,8.2,3.0
1600.0,193.95,29.41,71.538,80.415,214.6,8.3,3.0
1600.0,194.0,27.34,66.219,75.183,214.7,8.4,3.1
1600.0,194.05,28.39,60.78,69.89,215.1,8.3,3.1
1600.0,194.1,29.35,55.387,64.589,215.5,8.2,3.2
1600.0,194.15,27.39,79.759,59.286,215.8,8.1,3.3
1600.0,194.2,28.51,74.454,82.263,216.2,8.1,3.3
1600.0,194.25,26.43,69.165,77.126,216.6,8.0,3.4
1600.0,194.3,27.45,63.798,71.85,217.0,7.9,3.5
1600.0,194.35,28.49,58.405,66.529,217.4,7.8,3.5
1600.0,194.4,26.5,82.579,61.253,217.7,7.8,3.6
1600.0,194.45,27.55,77.367,55.876,218.1,7.7,3.7
1600.0,194.5,28.6,72.051,78.951,218.5,7.6,3.7
1600.0,194.55,26.59,66.723,73.813,218.9,7.6,3.8
1600.0,194.6,27.55,61.29,68.472,219.3,7.5,3.9
1600.0,194.65,28.61,55.979,63.244,219.8,7.5,4.0
1600.0,194.7,26.58,80.211,57.87,220.2,7.5,4.1
1600.0,194.75,27.78,74.991,80.849,220.6,7.4,4.1
1600.0,194.8,28.7,69.661,75.707,221.0,7.4,4.2
1600.0,194.85,26.71,64.34,70.443,221.4,7.3,4.3
1600.0,194.9,27.65,58.956,65.173,221.9,7.3,4.4
1600.0,194.95,28.83,83.01,59.821,222.3,7.3,4.4
1600.0,195.0,26.82,77.819,82.729,222.7,7.2,4.5
1600.0,195.05,27.88,72.558,77.571,222.4,7.3,4.5
1600.0,195.1,28.83,67.232,72.33,222.1,7.4,4.4
1600.0,195.15,26.81,61.916,67.104,221.8,7.5,4.4
1600.0,195.2,27.82,56.489,61.826,221.5,7.6,4.3
1600.0,195.25,28.92,80.674,56.482,221.2,7.6,4.2
1600.0,195.3,26.93,75.436,79.417,220.9,7.7,4.2
1600.0,195.35,27.96,70.097,74.234,220.6,7.8,4.1
1600.0,195.4,28.95,64.787,68.99,220.3,7.9,4.1
1600.0,195.45,26.93,59.439,63.748,220.0,8.0,4.0
1600.0,195.5,28.01,83.453,58.481,219.7,8.1,4.0
1600.0,195.55,29.1,78.269,81.218,218.5,8.1,4.2
1600.0,195.6,27.07,73.015,76.139,217.3,8.2,4.3
1600.0,195.65,28.05,67.733,70.935,216.0,8.3,4.5
1600.0,195.7,29.12,62.379,65.645,214.8,8.4,4.7
1600.0,195.75,27.01,57.031,60.415,213.6,8.5,4.8
1600.0,195.8,28.15,81.045,55.083,212.4,8.6,5.0
1600.0,195.85,29.16,75.853,77.945,211.2,8.7,5.2
1600.0,195.9,27.2,70.6,72.79,209.9,8.8,5.3
1600.0,195.95,28.15,65.323,67.571,208.7,8.9,5.5
1600.0,196.0,29.23,59.944,62.323,207.5,9.0,5.7
1600.0,196.05,27.11,54.598,57.028,208.7,9.1,5.6
1600.0,196.1,28.35,78.655,79.821,209.9,9.1,5.4
1600.0,196.15,29.29,73.453,74.681,211.2,9.1,5.3
1600.0,196.2,27.32,68.166,69.482,212.4,9.2,5.1
1600.0,196.25,28.25,62.892,64.215,213.6,9.2,5.0
1600.0,196.3,29.29,57.492,58.945,214.8,9.2,4.9
1600.0,196.35,27.33,81.478,81.701,216.0,9.3,4.7
1600.0,196.4,28.42,76.245,76.515,217.3,9.3,4.6
1600.0,196.45,29.42,71.028,71.276,218.5,9.3,4.5
1600.0,196.5,27.4,65.788,66.144,219.7,9.4,4.3
1600.0,196.55,28.39,60.459,60.902,220.2,9.3,4.4
1600.0,196.6,29.38,55.075,55.58,220.6,9.3,4.4
1600.0,196.65,27.46,79.038,78.361,221.1,9.3,4.4
1600.0,196.7,28.48,73.856,73.205,221.5,9.2,4.5
1600.0,196.75,26.48,68.6,68.019,222.0,9.2,4.5
1600.0,196.8,27.47,63.302,62.769,222.4,9.1,4.5
1600.0,196.85,28.51,57.99,57.534,222.8,9.1,4.5
1600.0,196.9,26.58,81.833,80.19,223.3,9.1,4.6
1600.0,196.95,27.59,76.642,75.041,223.7,9.0,4.6
1600.0,197.0,28.57,71.42,69.895,224.2,9.0,4.6
1600.0,197.05,26.58,66.201,64.684,224.6,9.0,4.7
1600.0,197.1,27.55,60.905,59.437,225.0,9.0,4.8
1600.0,197.15,28.69,55.584,82.012,225.5,9.1,4.8
1600.0,197.2,26.66,79.445,76.875,225.9,9.1,4.9
1600.0,197.25,27.71,74.24,71.785,226.3,9.1,5.0
1600.0,197.3,28.65,69.019,66.529,226.7,9.1,5.1
1600.0,197.35,23.67,63.751,61.334,227.1,9.2,5.1
1600.0,197.4,27.66,58.447,56.046,227.6,9.2,5.2
1600.0,197.45,28.81,82.141,78.669,228.0,9.2,5.3
1600.0,197.5,26.76,77.063,73.59,228.4,9.2,5.3
1600.0,197.55,27.78,71.856,68.426,228.5,9.3,5.3
1600.0,197.6,28.74,66.563,63.193,228.6,9.4,5.3
1600.0,197.65,26.79,61.286,57.986,228.7,9.5,5.3
1600.0,197.7,27.83,56.03,80.506,228.8,9.7,5.3
1600.0,197.75,28.87,79.765,75.376,229.0,9.8,5.3
1600.0,197.8,26.85,74.632,70.25,229.1,9.9,5.3
1600.0,197.85,27.87,69.401,65.087,229.2,10.0,5.3
1600.0,197.9,28.88,64.155,59.848,229.3,10.1,5.3
1600.0,197.95,26.91,58.896,82.277,229.4,10.2,5.3
1600.0,198.0,27.91,82.488,77.182,229.5,10.3,5.3
1600.0,198.05,28.93,77.365,72.035,229.2,10.3,5.2
1600.0,198.1,26.95,72.197,66.935,229.0,10.4,5.2
1600.0,198.15,27.95,66.954,61.738,228.7,10.4,5.1
1600.0,198.2,28.97,61.694,56.482,228.5,10.4,5.0
1600.0,198.25,26.93,56.442,79.013,228.2,10.5,5.0
1600.0,198.3,28.01,80.088,73.895,228.0,10.5,4.9
1600.0,198.35,25.93,74.955,68.76,227.8,10.6,4.9
1600.0,198.4,27.05,69.786,63.576,227.5,10.6,4.8
1600.0,198.45,28.01,64.542,58.367,227.3,10.6,4.8
1600.0,198.5,29.08,59.262,80.761,227.0,10.7,4.7
