1000.0,191.5,30.23,66.277,55.15,891.0,36.0,7.0
1000.0,191.55,31.49,60.766,78.725,889.0,35.0,8.0
1000.0,191.6,29.22,55.283,73.411,888.0,35.0,8.0
1000.0,191.65,30.48,80.039,68.043,886.0,35.0,9.0
1000.0,191.7,31.42,74.669,62.646,885.0,35.0,9.0
1000.0,191.75,29.26,69.365,57.244,883.0,35.0,10.0
1000.0,191.8,30.43,63.83,80.728,881.0,35.0,10.0
1000.0,191.85,31.5,58.359,75.38,880.0,35.0,11.0
1000.0,191.9,29.45,83.005,70.048,878.0,35.0,11.0
1000.0,191.95,30.55,77.693,64.725,877.0,34.0,12.0
1000.0,192.0,31.48,72.317,59.282,875.0,34.0,12.0
1000.0,192.05,29.5,66.855,82.648,874.0,34.0,13.0
1000.0,192.1,30.5,61.39,77.355,874.0,34.0,13.0
1000.0,192.15,31.53,55.893,72.061,873.0,34.0,13.0
1000.0,192.2,29.51,80.655,66.699,872.0,34.0,14.0
1000.0,192.25,30.53,75.306,61.353,872.0,33.0,14.0
1000.0,192.3,31.63,69.9,55.891,871.0,33.0,14.0
1000.0,192.35,29.54,64.51,79.375,870.0,33.0,15.0
1000.0,192.4,30.55,58.973,74.055,869.0,33.0,15.0
1000.0,192.45,31.74,83.508,68.727,869.0,33.0,16.0
1000.0,192.5,29.59,78.225,63.326,868.0,33.0,16.0
1000.0,192.55,30.56,72.919,57.931,866.0,33.0,16.0
1000.0,192.6,31.88,67.462,81.223,863.0,33.0,16.0
1000.0,192.65,29.56,62.062,76.033,861.0,34.0,17.0
1000.0,192.7,30.7,56.609,70.701,859.0,34.0,17.0
1000.0,192.75,31.8,81.151,65.385,856.0,34.0,17.0
1000.0,192.8,29.7,75.858,60.006,854.0,34.0,17.0
1000.0,192.85,30.66,70.459,54.604,852.0,35.0,17.0
1000.0,192.9,31.96,65.077,77.917,850.0,35.0,18.0
1000.0,192.95,29.66,59.659,72.688,847.0,35.0,18.0
1000.0,193.0,30.77,54.166,67.385,845.0,36.0,18.0
1000.0,193.05,31.91,78.778,62.003,845.0,36.0,18.0
1000.0,193.1,29.76,73.443,56.571,844.0,37.0,18.0
1000.0,193.15,30.93,68.076,79.874,844.0,38.0,18.0
1000.0,193.2,32.02,62.649,74.623,844.0,39.0,17.0
1000.0,193.25,29.77,57.204,69.361,844.0,39.0,17.0
1000.0,193.3,31.04,81.664,63.983,843.0,40.0,17.0
1000.0,193.35,32.05,76.359,58.613,843.0,41.0,17.0
1000.0,193.4,30.02,71.036,81.81,843.0,42.0,17.0
1000.0,193.45,31.05,65.675,76.553,842.0,43.0,17.0
1000.0,193.5,32.07,60.219,71.301,842.0,43.0,16.0
1000.0,193.55,29.91,54.781,65.979,843.0,43.0,17.0
1000.0,193.6,31.09,79.27,60.609,844.0,44.0,17.0
1000.0,193.65,32.2,73.928,55.229,845.0,44.0,17.0
1000.0,193.7,30.12,68.591,78.465,846.0,44.0,18.0
1000.0,193.75,31.17,63.277,73.268,847.0,44.0,18.0
1000.0,193.8,32.19,57.84,67.938,848.0,44.0,18.0
1000.0,193.85,30.17,82.108,62.594,849.0,44.0,18.0
1000.0,193.9,31.21,76.848,57.276,850.0,44.0,19.0
1000.0,193.95,32.44,71.54,80.394,851.0,44.0,19.0
1000.0,194.0,30.17,66.194,75.178,852.0,44.0,19.0
1000.0,194.05,31.31,60.799,69.904,854.0,44.0,19.0
1000.0,194.1,32.29,55.387,64.602,856.0,44.0,20.0
1000.0,194.15,30.31,79.719,59.21,858.0,44.0,20.0
1000.0,194.2,31.44,74.424,82.298,860.0,44.0,20.0
1000.0,194.25,29.31,69.13,77.084,862.0,44.0,21.0
1000.0,194.3,30.29,63.781,71.805,863.0,44.0,21.0
1000.0,194.35,31.4,58.335,66.555,865.0,43.0,21.0
1000.0,194.4,29.3,82.551,61.267,867.0,43.0,21.0
1000.0,194.45,30.41,77.443,55.911,869.0,43.0,22.0
1000.0,194.5,31.58,72.028,78.923,871.0,43.0,22.0
1000.0,194.55,29.41,66.739,73.746,873.0,43.0,22.0
1000.0,194.6,30.45,61.337,68.525,875.0,44.0,22.0
1000.0,194.65,31.5,55.969,63.217,877.0,44.0,23.0
1000.0,194.7,29.45,80.227,57.907,879.0,44.0,23.0
1000.0,194.75,30.66,74.954,80.84,881.0,44.0,23.0
1000.0,194.8,31.71,69.631,75.654,883.0,44.0,23.0
1000.0,194.85,29.49,64.285,70.429,885.0,44.0,24.0
1000.0,194.9,30.58,58.929,65.152,887.0,45.0,24.0
1000.0,194.95,31.72,83.008,59.837,889.0,45.0,24.0
1000.0,195.0,29.7,77.847,82.75,891.0,45.0,24.0
1000.0,195.05,30.72,72.553,77.532,891.0,45.0,24.0
1000.0,195.1,31.87,67.223,72.348,891.0,46.0,24.0
1000.0,195.15,29.62,61.849,67.102,891.0,46.0,24.0
1000.0,195.2,30.71,56.505,61.759,891.0,46.0,24.0
1000.0,195.25,31.82,80.646,56.448,891.0,47.0,24.0
1000.0,195.3,29.84,75.402,79.456,891.0,47.0,24.0
1000.0,195.35,30.84,70.115,74.234,891.0,47.0,24.0
1000.0,195.4,31.96,64.767,69.004,891.0,47.0,24.0
1000.0,195.45,29.71,59.466,63.743,891.0,48.0,24.0
1000.0,195.5,30.96,83.409,58.43,891.0,48.0,25.0
1000.0,195.55,32.08,78.238,81.241,885.0,48.0,25.0
1000.0,195.6,29.96,73.005,76.104,879.0,49.0,25.0
1000.0,195.65,30.97,67.735,70.944,873.0,49.0,26.0
1000.0,195.7,32.06,62.389,65.656,867.0,49.0,26.0
1000.0,195.75,29.86,57.014,60.377,861.0,50.0,27.0
1000.0,195.8,31.04,81.05,55.09,855.0,50.0,27.0
1000.0,195.85,32.19,75.802,77.978,849.0,50.0,28.0
1000.0,195.9,30.06,70.611,72.792,843.0,50.0,28.0
1000.0,195.95,31.09,65.29,67.53,837.0,51.0,29.0
1000.0,196.0,32.13,59.932,62.306,831.0,51.0,29.0
1000.0,196.05,30.01,54.584,57.016,840.0,51.0,29.0
1000.0,196.1,31.26,78.627,79.821,848.0,51.0,28.0
1000.0,196.15,32.33,73.39,74.677,857.0,51.0,28.0
1000.0,196.0,32.16,59.939,62.269,831.0,51.0,29.0
1000.0,196.05,30.02,54.593,56.995,840.0,51.0,29.0
1000.0,196.1,31.27,78.67,79.8,848.0,51.0,28.0
1000.0,196.15,32.32,73.422,74.674,857.0,51.0,28.0
1000.0,196.2,30.13,68.178,69.468,865.0,51.0,27.0
1000.0,196.25,31.24,62.864,64.21,874.0,51.0,27.0
1000.0,196.3,32.23,57.515,58.92,883.0,51.0,27.0
1000.0,196.35,30.37,81.453,81.668,891.0,51.0,26.0
1000.0,196.4,31.34,76.247,76.522,900.0,51.0,26.0
1000.0,196.45,32.46,71.026,71.337,908.0,51.0,25.0
1000.0,196.5,30.23,65.756,66.143,917.0,51.0,25.0
1000.0,196.55,31.36,60.433,60.849,920.0,51.0,25.0
1000.0,196.6,32.35,55.051,55.559,923.0,51.0,25.0
1000.0,196.65,30.46,79.072,78.368,925.0,51.0,26.0
1000.0,196.7,31.43,73.856,73.177,928.0,51.0,26.0
1000.0,196.75,29.34,68.593,68.014,931.0,51.0,26.0
1000.0,196.8,30.35,63.323,62.771,934.0,52.0,26.0
1000.0,196.85,31.44,57.971,57.515,937.0,52.0,27.0
1000.0,196.9,29.43,81.793,80.206,939.0,52.0,27.0
1000.0,196.95,30.56,76.642,75.055,942.0,52.0,27.0
1000.0,197.0,31.54,71.448,69.863,945.0,52.0,28.0
1000.0,197.05,29.45,66.136,64.667,948.0,52.0,28.0
1000.0,197.1,30.45,60.896,59.393,951.0,52.0,28.0
1000.0,197.15,31.64,55.531,81.982,954.0,53.0,28.0
1000.0,197.2,29.56,79.374,76.884,957.0,53.0,29.0
1000.0,197.25,30.62,74.201,71.735,960.0,53.0,29.0
1000.0,197.3,31.67,69.003,66.519,963.0,53.0,29.0
1000.0,197.35,29.53,63.742,61.334,966.0,53.0,29.0
1000.0,197.4,30.61,58.423,56.046,969.0,54.0,29.0
1000.0,197.45,31.82,82.157,78.714,972.0,54.0,30.0
1000.0,197.5,29.69,77.026,73.553,975.0,54.0,30.0
1000.0,197.55,30.68,71.793,68.463,977.0,54.0,30.0
1000.0,197.6,31.76,66.563,63.168,979.0,55.0,30.0
1000.0,197.65,29.62,61.302,57.961,982.0,55.0,30.0
1000.0,197.7,30.78,56.004,80.505,984.0,56.0,31.0
1000.0,197.75,31.84,79.701,75.355,986.0,56.0,31.0
1000.0,197.8,29.76,74.63,70.273,988.0,57.0,31.0
1000.0,197.85,30.75,69.369,65.045,990.0,57.0,31.0
1000.0,197.9,31.89,64.125,59.883,993.0,57.0,32.0
1000.0,197.95,29.74,58.899,82.256,995.0,58.0,32.0
1000.0,198.0,30.95,82.472,77.177,997.0,58.0,32.0
1000.0,198.05,31.91,77.358,72.089,998.0,59.0,32.0
1000.0,198.1,29.92,72.182,66.94,998.0,59.0,31.0
1000.0,198.15,30.87,66.943,61.698,999.0,60.0,31.0
1000.0,198.2,31.95,61.726,56.51,1000.0,60.0,31.0
1000.0,198.25,29.87,56.407,78.985,1000.0,61.0,31.0
1000.0,198.3,31.04,80.134,73.86,1001.0,61.0,30.0
1000.0,198.35,32.02,74.878,68.718,1002.0,62.0,30.0
1000.0,198.4,29.9,69.773,63.574,1003.0,62.0,30.0
1000.0,198.45,30.97,64.518,58.377,1003.0,63.0,29.0
1000.0,198.5,32.06,59.277,80.747,1004.0,63.0,29.0
