191.5,30.23,66.277,55.15,26.74,19.91,872,1000,2255
191.55,31.49,60.766,78.725,20.82,40.14,900,1000,2271
191.6,29.22,55.283,73.411,18.44,37.17,860,1000,2260
191.65,30.48,80.039,68.043,38.12,30.65,888,1000,2268
191.7,31.42,74.669,62.646,33.23,25.44,876,1000,2275
191.75,29.26,69.365,57.244,29.83,21.77,862,1000,2265
191.8,30.43,63.83,80.728,24.25,43.75,864,1000,2269
191.85,31.5,58.359,75.38,19.16,37.02,873,1000,2277
191.9,29.45,83.005,70.048,41.49,33.55,853,1000,2268
191.95,30.55,77.693,64.725,36.2,27.68,863,1000,2278
192,31.48,72.317,59.282,30.99,22.2,866,1000,2282
192.05,29.5,66.855,82.648,27.16,45.74,853,1000,2276
192.1,30.5,61.39,77.355,22.48,39.72,854,1000,2276
192.15,31.53,55.893,72.061,17.47,33.68,854,1000,2284
192.2,29.51,80.655,66.699,39.73,30.45,845,1000,2275
192.25,30.53,75.306,61.353,34.52,24.37,844,1000,2281
192.3,31.63,69.9,55.891,28.91,19.31,858,1000,2287
192.35,29.54,64.51,79.375,25.31,42.55,834,1000,2278
192.4,30.55,58.973,74.055,20.13,36.93,848,1000,2284
192.45,31.74,83.508,68.727,40.38,30.24,854,1000,2293
192.5,29.59,78.225,63.326,37.42,27.14,840,1000,2284
192.55,30.56,72.919,57.931,31.92,21.05,831,1000,2287
192.6,31.88,67.462,81.223,26.22,42.28,864,1000,2295
192.65,29.56,62.062,76.033,22.86,39.19,823,1000,2283
192.7,30.7,56.609,70.701,18.68,33.45,841,1000,2287
192.75,31.8,81.151,65.385,37.98,26.79,848,1000,2297
192.8,29.7,75.858,60.006,35.91,24.28,831,1000,2287
192.85,30.66,70.459,54.604,30.26,19.16,827,1000,2290
192.9,31.96,65.077,77.917,24.17,39.19,856,1000,2302
192.95,29.66,59.659,72.688,21.23,36.29,821,1000,2291
193,30.77,54.166,67.385,16.75,30.48,832,1000,2292
193.05,31.91,78.778,62.003,35.94,24.23,848,1000,2301
193.1,29.76,73.443,56.571,33.56,21.14,823,1000,2292
193.15,30.93,68.076,79.874,27.3,42.21,840,1000,2296
193.2,32.02,62.649,74.623,22.29,35.89,847,1000,2301
193.25,29.77,57.204,69.361,19.55,33.13,821,1000,2293
193.3,31.04,81.664,63.983,39.26,26.68,838,1000,2299
193.35,32.05,76.359,58.613,33.97,20.94,853,1000,2304
193.4,30.02,71.036,81.81,30.6,44.1,830,1000,2294
193.45,31.05,65.675,76.553,25.11,38.45,843,1000,2301
193.5,32.07,60.219,71.301,20.68,32.77,842,1000,2309
193.55,29.91,54.781,65.979,17.95,29.89,824,1000,2295
193.6,31.09,79.27,60.609,37.54,23.16,834,1000,2302
193.65,32.2,73.928,55.229,31.6,18.04,856,1000,2312
193.7,30.12,68.591,78.465,28.62,41.16,826,1000,2299
193.75,31.17,63.277,73.268,23.36,35.21,845,1000,2302
193.8,32.19,57.84,67.938,18.19,29.62,843,1000,2312
193.85,30.17,82.108,62.594,40.73,25.75,839,1000,2300
193.9,31.21,76.848,57.276,34.9,20.33,837,1000,2306
193.95,32.44,71.54,80.394,29.01,41.34,869,1000,2315
194,30.17,66.194,75.178,26.25,38.14,826,1000,2304
194.05,31.31,60.799,69.904,21.23,31.99,846,1000,2308
194.1,32.29,55.387,64.602,16.56,26.73,852,1000,2314
194.15,30.31,79.719,59.21,38.45,22.9,840,1000,2302
194.2,31.44,74.424,82.298,32.59,43.66,851,1000,2311
194.25,29.31,69.13,77.084,29.64,40.27,830,1000,2298
194.3,30.29,63.781,71.805,24.71,34.72,834,1000,2304
194.35,31.4,58.335,66.555,19.33,29.02,846,1000,2307
194.4,29.3,82.551,61.267,41.65,25.59,827,1000,2300
194.45,30.41,77.443,55.911,36.37,19.9,838,1000,2304
194.5,31.58,72.028,78.923,30.09,40.52,860,1000,2310
194.55,29.41,66.739,73.746,27.77,37.37,830,1000,2298
194.6,30.45,61.337,68.525,22.52,31.58,844,1000,2304
194.65,31.5,55.969,63.217,17.14,25.97,848,1000,2308
194.7,29.45,80.227,57.907,39.16,21.88,835,1000,2301
194.75,30.66,74.954,80.84,33.09,42.8,851,1000,2309
194.8,31.71,69.631,75.654,27.98,36.69,872,1000,2316
194.85,29.49,64.285,70.429,25.17,34.61,831,1000,2300
194.9,30.58,58.929,65.152,20.72,28.52,852,1000,2303
194.95,31.72,83.008,59.837,39.9,21.99,863,1000,2313
195,29.7,77.847,82.75,36.66,45.76,855,1000,2304
195.05,30.72,72.553,77.532,31.47,39.78,854,1000,2307
195.1,31.87,67.223,72.348,26.17,34.04,879,1000,2317
195.15,29.62,61.849,67.102,23.4,31.05,837,1000,2306
195.2,30.71,56.505,61.759,18.18,25.44,858,1000,2304
195.25,31.82,80.646,56.448,37.87,19.14,872,1000,2315
195.3,29.84,75.402,79.456,34.31,42.27,863,1000,2306
195.35,30.84,70.115,74.234,29.39,36.43,864,1000,2311
195.4,31.96,64.767,69.004,24.16,30.78,882,1000,2316
195.45,29.71,59.466,63.743,21.6,27.36,845,1000,2308
195.5,30.96,83.409,58.43,41.42,21.66,876,1000,2311
195.55,32.08,78.238,81.241,35.04,42.25,895,1000,2321
195.6,29.96,73.005,76.104,32.21,38.99,867,1000,2310
195.65,30.97,67.735,70.944,27.37,32.86,875,1000,2312
195.7,32.06,62.389,65.656,21.99,27.28,886,1000,2321
195.75,29.86,57.014,60.377,19.42,24.34,859,1000,2312
195.8,31.04,81.05,55.09,38.99,18.45,880,1000,2318
195.85,32.19,75.802,77.978,32.83,38.73,909,1000,2323
195.9,30.06,70.611,72.792,30.31,35.68,869,1000,2314
195.95,31.09,65.29,67.53,25.05,29.88,889,1000,2318
196,32.13,59.932,62.306,20.25,24.39,893,1000,2322
196.05,30.01,54.584,57.016,17.46,21.47,872,1000,2312
196.1,31.26,78.627,79.821,36.58,41.46,896,1000,2318
196.15,32.33,73.39,74.677,31.05,35.3,921,1000,2328
196,32.16,59.939,62.269,20.15,24.25,893,1000,2324
196.05,30.02,54.593,56.995,17.52,21.53,872,1000,2314
196.1,31.27,78.67,79.8,35.93,41.14,896,1000,2321
196.15,32.32,73.422,74.674,30.75,35.83,921,1000,2330
196.2,30.13,68.178,69.468,28.09,32.57,875,1000,2317
196.25,31.24,62.864,64.21,23.07,27.07,901,1000,2318
196.3,32.23,57.515,58.92,17.95,21.13,903,1000,2327
196.35,30.37,81.453,81.668,39.45,43.54,904,1000,2317
196.4,31.34,76.247,76.522,34.18,38.36,904,1000,2326
196.45,32.46,71.026,71.337,28.87,32.25,931,1000,2330
196.5,30.23,65.756,66.143,26.13,29.47,886,1000,2318
196.55,31.36,60.433,60.849,21.19,23.9,909,1000,2322
196.6,32.35,55.051,55.559,16.4,18.99,918,1000,2327
196.65,30.46,79.072,78.368,37.04,40.26,913,1000,2321
196.7,31.43,73.856,73.177,31.89,35.26,918,1000,2324
196.75,29.34,68.593,68.014,29.36,31.63,893,1000,2314
196.8,30.35,63.323,62.771,24.32,26.49,900,1000,2315
196.85,31.44,57.971,57.515,19.29,21.16,915,1000,2319
196.9,29.43,81.793,80.206,40.3,42.96,900,1000,2313
196.95,30.56,76.642,75.055,34.87,37.64,920,1000,2317
197,31.54,71.448,69.863,30.23,31.88,935,1000,2321
197.05,29.45,66.136,64.667,27.38,28.35,899,1000,2311
197.1,30.45,60.896,59.393,22.12,23.04,916,1000,2315
197.15,31.64,55.531,81.982,16.8,43.11,935,1000,2322
197.2,29.56,79.374,76.884,38.44,39.79,916,1000,2311
197.25,30.62,74.201,71.735,32.76,34.3,925,1000,2314
197.3,31.67,69.003,66.519,28.04,28.38,951,1000,2322
197.35,29.53,63.742,61.334,24.94,25.6,906,1000,2311
197.4,30.61,58.423,56.046,20.1,20.04,932,1000,2315
197.45,31.82,82.157,78.714,39.12,39.92,957,1000,2324
197.5,29.69,77.026,73.553,36.17,36.66,933,1000,2312
197.55,30.68,71.793,68.463,30.88,30.66,935,1000,2315
197.6,31.76,66.563,63.168,25.66,25.13,964,1000,2322
197.65,29.62,61.302,57.961,22.78,22.36,917,1000,2309
197.7,30.78,56.004,80.505,17.88,42.61,956,1000,2316
197.75,31.84,79.701,75.355,36.83,36.67,969,1000,2325
197.8,29.76,74.63,70.273,34.26,33.61,945,1000,2313
197.85,30.75,69.369,65.045,28.65,27.7,949,1000,2317
197.9,31.89,64.125,59.883,23.63,22.49,974,1000,2322
197.95,29.74,58.899,82.256,20.56,44.96,941,1000,2311
198,30.95,82.472,77.177,39.79,39.19,978,1000,2317
198.05,31.91,77.358,72.089,34.69,33.1,986,1000,2326
198.1,29.92,72.182,66.94,31.17,30.26,955,1000,2310
198.15,30.87,66.943,61.698,26.71,24.64,968,1000,2315
198.2,31.95,61.726,56.51,22.07,19.51,983,1000,2320
198.25,29.87,56.407,78.985,18.36,41.93,958,1000,2309
198.3,31.04,80.134,73.86,37.71,35.69,985,999,2316
198.35,32.02,74.878,68.718,32.61,30.07,1006,1000,2322
198.4,29.9,69.773,63.574,29.96,26.97,963,1000,2308
198.45,30.97,64.518,58.377,24.75,21.83,987,1000,2313
198.5,32.06,59.277,80.747,19.42,41.57,1004,1000,2326
