700.0,191.5,30.57,66.282,55.143,675.0,32.0,7.0
700.0,191.55,31.86,60.746,78.67,673.0,32.0,7.0
700.0,191.6,29.58,55.285,73.412,672.0,31.0,8.0
700.0,191.65,30.88,80.046,67.998,670.0,31.0,8.0
700.0,191.7,31.84,74.707,62.643,669.0,31.0,8.0
700.0,191.75,29.68,69.297,57.197,667.0,31.0,9.0
700.0,191.8,30.83,63.861,80.689,665.0,31.0,9.0
700.0,191.85,31.91,58.363,75.404,664.0,31.0,10.0
700.0,191.9,29.79,83.042,70.064,662.0,31.0,10.0
700.0,191.95,30.91,77.7,64.681,661.0,31.0,10.0
700.0,192.0,31.92,72.321,59.296,659.0,31.0,11.0
700.0,192.05,29.91,66.92,82.599,658.0,31.0,11.0
700.0,192.1,30.88,61.452,77.335,658.0,31.0,11.0
700.0,192.15,31.92,55.949,72.074,657.0,31.0,12.0
700.0,192.2,29.89,80.625,66.761,656.0,30.0,12.0
700.0,192.25,30.92,75.246,61.371,656.0,30.0,12.0
700.0,192.3,31.99,69.897,55.879,655.0,30.0,13.0
700.0,192.35,29.92,64.507,79.338,654.0,30.0,13.0
700.0,192.4,31.0,59.031,74.094,653.0,30.0,13.0
700.0,192.45,32.15,83.534,68.706,653.0,30.0,14.0
700.0,192.5,29.98,78.21,63.362,652.0,30.0,14.0
700.0,192.55,30.95,72.887,58.001,650.0,30.0,14.0
700.0,192.6,32.27,67.494,81.278,648.0,30.0,14.0
700.0,192.65,29.95,62.094,76.012,647.0,31.0,15.0
700.0,192.7,31.06,56.639,70.716,645.0,31.0,15.0
700.0,192.75,32.23,81.14,65.364,643.0,31.0,15.0
700.0,192.8,30.06,75.835,59.987,641.0,31.0,15.0
700.0,192.85,31.05,70.479,54.572,639.0,32.0,15.0
700.0,192.9,32.35,65.047,77.933,638.0,32.0,16.0
700.0,192.95,30.03,59.671,72.676,636.0,32.0,16.0
700.0,193.0,31.12,54.145,67.353,634.0,32.0,16.0
700.0,193.05,32.31,78.73,61.995,634.0,33.0,16.0
700.0,193.1,30.16,73.443,56.591,634.0,34.0,16.0
700.0,193.15,31.31,68.025,79.849,634.0,34.0,16.0
700.0,193.2,32.37,62.637,74.639,634.0,35.0,16.0
700.0,193.25,30.14,57.211,69.356,634.0,36.0,15.0
700.0,193.3,31.39,81.657,63.957,634.0,36.0,15.0
700.0,193.35,32.43,76.386,58.653,634.0,37.0,15.0
700.0,193.4,30.41,71.038,81.819,634.0,38.0,15.0
700.0,193.45,31.43,65.635,76.553,634.0,38.0,15.0
700.0,193.5,32.47,60.25,71.301,634.0,39.0,15.0
700.0,193.55,30.29,54.788,66.02,635.0,39.0,15.0
700.0,193.6,31.48,79.27,60.626,636.0,39.0,15.0
700.0,193.65,32.58,73.977,55.238,637.0,39.0,16.0
700.0,193.7,30.43,68.59,78.498,638.0,39.0,16.0
700.0,193.75,31.62,63.218,73.272,638.0,39.0,16.0
700.0,193.8,32.57,57.789,67.957,639.0,39.0,16.0
700.0,193.85,30.59,82.109,62.617,640.0,39.0,17.0
700.0,193.9,31.58,76.885,57.264,641.0,39.0,17.0
700.0,193.95,32.82,71.52,80.366,642.0,39.0,17.0
700.0,194.0,30.56,66.199,75.185,643.0,39.0,17.0
700.0,194.05,31.68,60.776,69.911,645.0,39.0,18.0
700.0,194.1,32.7,55.369,64.6,646.0,39.0,18.0
700.0,194.15,30.69,79.722,59.235,648.0,39.0,18.0
700.0,194.2,31.83,74.454,82.274,650.0,39.0,18.0
700.0,194.25,29.69,69.144,77.112,652.0,39.0,18.0
700.0,194.3,30.63,63.793,71.817,653.0,39.0,19.0
700.0,194.35,31.78,58.368,66.569,655.0,39.0,19.0
700.0,194.4,29.68,82.59,61.257,657.0,39.0,19.0
700.0,194.45,30.77,77.325,55.898,658.0,39.0,19.0
700.0,194.5,31.97,72.018,78.966,660.0,39.0,20.0
700.0,194.55,29.8,66.732,73.744,662.0,39.0,20.0
700.0,194.6,30.82,61.381,68.5,663.0,39.0,20.0
700.0,194.65,31.88,55.914,63.2,665.0,39.0,20.0
700.0,194.7,29.81,80.203,57.877,667.0,39.0,20.0
700.0,194.75,31.02,74.955,80.868,668.0,39.0,21.0
700.0,194.8,32.1,69.617,75.647,670.0,39.0,21.0
700.0,194.85,29.89,64.289,70.449,672.0,39.0,21.0
700.0,194.9,30.99,58.927,65.138,674.0,38.0,21.0
700.0,194.95,32.11,83.026,59.823,675.0,38.0,21.0
700.0,195.0,30.1,77.777,82.708,677.0,38.0,21.0
700.0,195.05,31.11,72.495,77.574,678.0,39.0,21.0
700.0,195.1,32.23,67.23,72.365,678.0,39.0,22.0
700.0,195.15,29.96,61.868,67.077,678.0,40.0,22.0
700.0,195.2,31.11,56.472,61.803,679.0,41.0,22.0
700.0,195.25,32.23,80.628,56.461,680.0,41.0,22.0
700.0,195.3,30.21,75.392,79.405,680.0,42.0,22.0
700.0,195.35,31.22,70.115,74.18,680.0,43.0,22.0
700.0,195.4,32.36,64.769,68.971,681.0,43.0,22.0
700.0,195.45,30.08,59.415,63.704,681.0,44.0,22.0
700.0,195.5,31.34,83.464,58.409,682.0,45.0,22.0
700.0,195.55,32.49,78.24,81.255,677.0,45.0,23.0
700.0,195.6,30.35,72.992,76.113,671.0,45.0,23.0
700.0,195.65,31.35,67.715,70.939,666.0,45.0,24.0
700.0,195.7,32.44,62.347,65.682,661.0,45.0,24.0
700.0,195.75,30.24,56.996,60.384,656.0,46.0,24.0
700.0,195.8,31.45,81.065,55.057,650.0,46.0,25.0
700.0,195.85,32.61,75.812,77.959,645.0,46.0,25.0
700.0,195.9,30.43,70.586,72.82,640.0,46.0,26.0
700.0,195.95,31.48,65.263,67.539,634.0,46.0,26.0
700.0,196.0,32.49,59.914,62.3,629.0,47.0,27.0
700.0,196.05,30.41,54.576,57.014,637.0,47.0,26.0
700.0,196.1,31.65,78.658,79.832,645.0,47.0,26.0
700.0,196.15,32.73,73.408,74.637,653.0,47.0,25.0
700.0,196.0,32.56,59.918,62.297,629.0,47.0,27.0
700.0,196.05,30.37,54.591,57.016,637.0,47.0,26.0
700.0,196.1,31.62,78.618,79.783,645.0,47.0,26.0
700.0,196.15,32.74,73.42,74.665,653.0,47.0,25.0
700.0,196.2,30.51,68.134,69.445,661.0,47.0,25.0
700.0,196.25,31.64,62.834,64.173,669.0,47.0,25.0
700.0,196.3,32.64,57.49,58.982,677.0,47.0,24.0
700.0,196.35,30.75,81.446,81.666,685.0,47.0,24.0
700.0,196.4,31.73,76.215,76.483,693.0,47.0,23.0
700.0,196.45,32.88,71.021,71.295,701.0,47.0,23.0
700.0,196.5,30.61,65.779,66.12,709.0,47.0,23.0
700.0,196.55,31.76,60.421,60.888,712.0,47.0,23.0
700.0,196.6,32.72,55.065,55.584,715.0,47.0,23.0
700.0,196.65,30.83,79.012,78.342,717.0,47.0,23.0
700.0,196.7,31.85,73.831,73.172,720.0,47.0,24.0
700.0,196.75,29.71,68.572,68.005,723.0,47.0,24.0
700.0,196.8,30.74,63.302,62.806,726.0,48.0,24.0
700.0,196.85,31.83,57.944,57.531,729.0,48.0,24.0
700.0,196.9,29.82,81.819,80.171,731.0,48.0,25.0
700.0,196.95,30.93,76.62,75.048,734.0,48.0,25.0
700.0,197.0,31.95,71.401,69.851,737.0,48.0,25.0
700.0,197.05,29.79,66.16,64.612,740.0,48.0,25.0
700.0,197.1,30.84,60.825,59.398,743.0,49.0,25.0
700.0,197.15,32.03,55.513,81.949,746.0,49.0,26.0
700.0,197.2,29.94,79.401,76.907,749.0,49.0,26.0
700.0,197.25,31.0,74.21,71.726,752.0,49.0,26.0
700.0,197.3,32.08,69.0,66.576,754.0,49.0,26.0
700.0,197.35,29.9,63.744,61.332,757.0,50.0,26.0
700.0,197.4,30.98,58.467,56.051,760.0,50.0,27.0
700.0,197.45,32.17,82.118,78.688,763.0,50.0,27.0
700.0,197.5,30.05,76.975,73.563,766.0,50.0,27.0
700.0,197.55,31.06,71.846,68.409,768.0,51.0,27.0
700.0,197.6,32.22,66.591,63.202,770.0,51.0,27.0
700.0,197.65,29.98,61.314,57.961,773.0,52.0,28.0
700.0,197.7,31.19,55.999,80.49,775.0,52.0,28.0
700.0,197.75,32.24,79.745,75.376,777.0,52.0,28.0
700.0,197.8,30.17,74.6,70.26,779.0,53.0,28.0
700.0,197.85,31.2,69.416,65.106,781.0,53.0,28.0
700.0,197.9,32.3,64.155,59.86,784.0,54.0,29.0
700.0,197.95,30.14,58.894,82.302,786.0,54.0,29.0
700.0,198.0,31.38,82.503,77.184,788.0,55.0,29.0
700.0,198.05,32.36,77.355,72.03,789.0,55.0,29.0
700.0,198.1,30.27,72.192,66.94,791.0,55.0,29.0
700.0,198.15,31.28,66.929,61.736,792.0,55.0,28.0
700.0,198.2,32.37,61.731,56.459,793.0,55.0,28.0
700.0,198.25,30.26,56.416,78.987,794.0,55.0,28.0
700.0,198.3,31.4,80.094,73.89,796.0,55.0,28.0
700.0,198.35,32.45,74.98,68.78,797.0,55.0,27.0
700.0,198.4,30.34,69.738,63.606,798.0,55.0,27.0
700.0,198.45,31.36,64.507,58.37,800.0,55.0,27.0
700.0,198.5,32.47,59.277,80.733,801.0,54.0,27.0
